<?xml version="1.0" encoding="UTF-8"?>
<beans xmlns="http://www.springframework.org/schema/beans"
xmlns:xsi="http://www.w3.org/2001/XMLSchema-instance"
xmlns:mybatis-spring="http://mybatis.org/schema/mybatis-spring"
xsi:schemaLocation="http://mybatis.org/schema/mybatis-spring http://mybatis.org/schema/mybatis-spring-1.2.xsd http://www.springframework.org/schema/beans https://www.springframework.org/schema/beans/spring-beans.xsd">
   <!-- Root Context: defines shared resources visible to all other web components -->
   
   <!-- API(HikariCP) -->
   <!-- bean : 객체를 생성하는 태그 -->
   <!-- id: 변수명(객체이름) -->
   <!-- hikariConfig = hikariCP를 사용할 때 참고될 설정 파일 -->
   <!-- driver 파일의 위치(경로), db의 url, 계정id, pw -->
   <bean id="hikariConfig" class="com.zaxxer.hikari.HikariConfig">
      <property name="driverClassName" value="com.mysql.jdbc.Driver"/>
      <property name="jdbcUrl" value="jdbc:mysql://localhost:3306/com"/>
      <property name="username" value="com"/>
      <property name="password" value="com01"/>
   </bean>
   
   <!-- hikariConfig가 가진 정보를 dataSource가 가져다가 connection 역할을 함 (getConnection 역할)-->
   <!-- HikariDataSource(Connection POOL을 만드는 역할을 한다) -->
   <bean id="dataSource" class="com.zaxxer.hikari.HikariDataSource" destroy-method="close">
      <constructor-arg ref="hikariConfig" />
   </bean>
   
   <!-- Mapper interface들을 메모리에 올리는 방법(scan) -->
   <!--  : MyBatis가 interface를 찾기 위해 base-package의 주소를 스캔하도록 함 -->
   <mybatis-spring:scan base-package="kr.spring.mapper"/>  
   
   
   <!-- BoardMapper interface의 구현클래스 생성
         - SqlSessionFactoryBean (SQL을 실행하는 API) > BoardMapper에서 정의한 기능을 구현 -->
   <bean class="org.mybatis.spring.SqlSessionFactoryBean">
      <property name="dataSource" ref="dataSource" />
   </bean>
   
   <!--  hikariConfig -> dataSource -> SqlSessionFactoryBean (앞선 곳에서 정보가 넘어옴) -->
</beans>