<?xml version="1.0" encoding="UTF-8"?>
<!DOCTYPE mapper PUBLIC "-//mybatis.org//DTD Mapper 3.0//EN" "http://mybatis.org/dtd/mybatis-3-mapper.dtd">
<mapper namespace="kr.spring.mapper.BookMapper">

	<select id="getLists" resultType="kr.spring.entity.BookVO">
		SELECT * FROM BOOK
	</select>
	
	<insert id="bookInsert" parameterType="kr.spring.entity.BookVO">
		INSERT INTO BOOK(TITLE, AUTHOR, COMPANY, ISBN, COUNT) VALUES(#{title}, #{author}, #{company}, #{isbn}, #{count})	
	</insert>

	<delete id="bookDelete" parameterType="int">
		DELETE FROM BOOK WHERE NUM=#{num}
	</delete>
	
	<update id="bookUpdate" parameterType="kr.spring.entity.BookVO">
		UPDATE BOOK SET COUNT=#{count} WHERE NUM=#{num}
	</update>

	<select id="bookContent" parameterType="int" resultType="kr.spring.entity.BookVO">
		SELECT * FROM BOOK WHERE NUM=#{num}	
	</select>
</mapper>